,Price
374,5700.0
2204,5200.0
1321,5390.0
704,4720.0
3241,4390.0
2617,5500.0
3421,2200.0
1376,11000.0
2102,1900.0
690,10750.0
2898,3200.0
365,5680.0
1335,3250.0
2103,1900.0
3440,5750.0
3170,3100.0
1166,3500.0
2791,4100.0
1686,8400.0
840,5530.0
2676,5440.0
23,2900.0
3217,6870.0
1295,9500.0
2641,2800.0
3980,2250.0
1962,1300.0
2074,12900.0
3724,5400.0
2327,5950.0
2574,8630.0
3572,1650.0
1158,11500.0
3656,5470.0
3055,1400.0
167,7410.0
53,8000.0
354,3750.0
3491,1000.0
3755,13000.0
342,4280.0
859,5750.0
3367,4150.0
43,2590.0
1658,1790.0
3222,16500.0
1052,5720.0
32,7210.0
455,1890.0
2470,3560.0
1172,2400.0
216,8300.0
547,4000.0
1708,7070.0
660,2650.0
1767,18000.0
2368,3700.0
3884,5390.0
651,2600.0
3149,3000.0
2530,8950.0
1388,3250.0
753,1800.0
1671,6170.0
513,3250.0
1097,8700.0
116,5500.0
2306,3960.0
2488,7400.0
1095,4900.0
2753,2800.0
2046,6690.0
3007,3000.0
1297,8200.0
1184,1850.0
622,9460.0
2067,6300.0
2843,2250.0
2311,9450.0
3979,4000.0
2801,11450.0
3103,6750.0
3112,4150.0
826,5500.0
1492,6200.0
2601,2440.0
2560,3000.0
3643,3800.0
3701,3650.0
3285,5750.0
1212,6000.0
1871,6110.0
3192,8380.0
1695,6850.0
3995,14850.0
846,6040.0
808,2420.0
1460,4250.0
1655,5890.0
3616,2500.0
2371,2500.0
1931,5490.0
1228,10770.0
1205,4950.0
3756,4750.0
566,11000.0
3291,5210.0
2309,2850.0
1123,5250.0
2004,4500.0
754,4500.0
2849,2850.0
1893,2600.0
3664,7050.0
175,13230.0
615,5250.0
3571,3700.0
3550,2600.0
1637,18060.0
1532,6500.0
3389,5700.0
718,3800.0
3959,5790.0
2922,3700.0
1049,3960.0
3707,2750.0
2503,16100.000000000002
3274,6220.0
61,7900.0
1125,3500.0
3195,8750.0
1153,5500.0
2421,3000.0
1162,3200.0
1292,3000.0
1894,16500.0
3059,7870.0
2618,3890.0
310,4800.0
3694,9500.0
2480,7750.0
3294,2250.0
2098,6760.0
1990,690.0
293,8890.0
1737,5250.0
140,12500.0
778,2000.0
819,4940.0
3371,17020.0
764,19000.0
3174,5270.0
2913,13900.0
900,3250.0
2736,2650.0
3220,3250.0
3926,1500.0
3303,9180.0
3393,1900.0
1266,7940.0
739,7750.0
653,12000.0
1251,6850.0
618,7200.0
3809,6000.0
3954,4250.0
3527,8900.0
971,6200.0
1422,16520.0
3474,6950.0
1234,1750.0
1538,3450.0
2400,1900.0
36,8610.0
1235,2900.0
487,8250.0
3320,14350.0
2199,7500.0
782,4500.0
3151,8020.0
3388,11730.0
1291,2350.0
1972,2000.0
309,8900.0
3928,6860.0
1733,13250.0
336,8500.0
2472,3900.0
149,6000.0
3837,2100.0
3957,4250.0
2767,8920.0
2060,3450.0
2273,17750.0
3626,3110.0
3648,11570.0
2352,11000.0
873,9900.0
659,13370.0
1371,17740.0
2462,6580.0
3416,5530.0
3629,9000.0
3305,15650.0
2818,5000.0
288,2000.0
3738,4850.0
2671,4400.0
3714,4350.0
37,2500.0
1408,7850.0
2745,5750.0
3772,6500.0
1763,8250.0
1347,11500.0
1157,2750.0
3956,12130.0
2159,3050.0
1060,3400.0
2607,7850.0
69,8500.0
1872,2300.0
1477,6200.0
3668,2850.0
352,9960.0
3049,6950.0
1838,1800.0
1372,10500.0
2466,2550.0
1240,2650.0
1859,4200.0
445,3200.0
2739,14500.0
2918,1500.0
1156,5750.0
630,3470.0
3733,11500.0
2795,3250.0
3109,3400.0
574,2000.0
2065,3250.0
3230,4750.0
3777,3000.0
3199,2870.0
286,4400.0
2889,3850.0
2469,6440.0
1819,9750.0
3470,7100.0
3981,4400.0
1418,16500.0
3805,7090.0
1800,5750.0
1481,4950.0
3513,4330.0
1213,6900.0
3247,13500.0
2374,5680.0
2655,13350.0
2923,10950.0
3333,7750.0
1186,1600.0
929,6450.0
353,6990.0
1596,14700.0
495,3460.0
3239,7000.0
809,4750.0
3441,6500.0
3361,2450.0
2909,6580.0
3658,8950.0
1314,1200.0
1636,18390.0
1348,6510.0
3972,6750.0
1342,10490.0
1191,3900.0
3412,3820.0
1428,18980.0
3996,6700.0
3799,4250.0
1806,6450.0
1935,13000.0
914,19500.0
1920,8500.0
3583,3750.0
1225,3410.0
2170,3500.0
1001,1700.0
1055,2950.0
2089,6250.0
3727,11500.0
303,4500.0
650,6630.0
2008,990.0
860,1200.0
503,11850.0
2778,3390.0
2270,7250.0
2414,2250.0
3702,3750.0
3286,18500.0
3248,17750.0
3549,12500.0
3229,9250.0
28,1650.0
864,4750.0
369,6950.0
2573,2990.0
1354,1500.0
1787,1500.0
3585,6800.0
1113,5490.0
24,12000.0
652,10440.0
2908,8900.0
4015,6580.0
614,3450.0
1223,5000.0
1997,6100.0
2094,6500.0
2295,9750.0
3167,3300.0
331,5850.0
3017,18250.0
1773,2500.0
1866,2900.0
1712,1600.0
3605,16500.0
2075,2650.0
2312,2350.0
1026,15000.0
3336,4500.0
2717,12250.0
414,4940.0
1687,5800.0
1704,14950.0
425,3000.0
1209,5450.0
1103,3080.0
1462,4250.0
1640,5210.0
338,5350.0
3166,3200.0
51,4400.0
2563,7000.0
964,1250.0
1248,3250.0
1459,6980.0
506,1950.0
1150,7210.0
194,1250.0
3434,3710.0
3262,2100.0
3198,9250.0
2611,2100.0
656,1750.0
762,1800.0
150,4640.0
899,1450.0
3713,6750.0
1238,4400.0
161,3500.0
1598,2400.0
543,8410.0
1004,4740.0
2284,9900.0
507,6250.0
2134,7530.0
2200,4900.0
35,6250.0
3719,4690.0
2348,9950.0
862,2250.0
287,3200.0
122,3000.0
248,3900.0
2080,2800.0
3473,4850.0
3028,3250.0
970,1400.0
476,16900.0
3830,8310.0
3787,7200.0
2443,4200.0
224,9750.0
3231,7270.0
3060,4700.0
3519,10310.0
396,3830.0
1373,1500.0
1145,3750.0
2870,16000.0
2529,6290.0
542,4500.0
3578,10250.0
1632,2650.0
685,1750.0
734,5840.0
1774,3850.0
42,9250.0
3129,5000.0
780,6100.0
210,4500.0
263,3950.0
1762,17500.0
3842,4250.0
1691,6950.0
2494,8500.0
1016,4250.0
1630,3300.0
3258,5650.0
2395,5250.0
2768,5000.0
1507,7500.0
1256,4950.0
2162,13500.0
3530,5290.0
969,7500.0
3505,8490.0
3069,2250.0
1535,1300.0
761,8250.0
3090,6200.0
3716,1870.0
3425,4000.0
3123,2500.0
3693,4500.0
1521,2740.0
492,4490.0
4009,4250.0
3754,14520.0
1694,2850.0
3446,3350.0
1275,2750.0
280,7250.0
89,6000.0
881,11000.0
1725,6670.0
2821,3100.0
2237,4570.0
2557,4740.0
2635,6900.0
273,12500.0
2888,2000.0
2375,2350.0
3296,13500.0
535,5050.0
130,3750.0
2701,6250.0
381,8150.0
1517,12000.0
1277,5380.0
2181,3500.0
1082,4100.0
2930,5250.0
1146,14000.0
1828,2950.0
590,4800.0
1771,2500.0
1642,2750.0
1619,8780.0
486,5850.0
2924,3400.0
4010,5800.0
1086,16770.0
2481,19500.0
308,17250.0
2770,4500.0
3660,4100.0
225,1900.0
3632,12500.0
2606,5850.0
3533,3250.0
3740,4250.0
1392,3100.0
19,6250.0
3732,3500.0
719,5700.0
2853,6350.0
168,6990.0
2831,4200.0
452,5750.0
1396,5400.0
1926,13500.0
1193,4770.0
2521,6500.0
2991,5500.0
3661,3300.0
2592,9180.0
713,5900.0
674,2300.0
3721,12750.0
2668,1590.0
2250,8250.0
2097,4260.0
1648,7580.0
2787,6500.0
2852,4900.0
2990,6200.0
925,7650.0
3672,5950.0
488,4500.0
2431,4000.0
1075,10750.0
640,3250.0
3994,2250.0
217,1250.0
1564,10400.0
3852,16360.0
2301,6600.0
2061,4250.0
3801,4800.0
2054,5100.0
406,3870.0
800,4250.0
3990,6300.0
1904,3200.0
2499,7150.0
3351,11860.0
1666,5950.0
1417,5000.0
531,4650.0
1588,8000.0
2354,2850.0
2300,6400.0
1991,9800.0
2464,2750.0
2211,2100.0
564,3800.0
1047,5100.0
714,4120.0
3962,2650.0
1006,4000.0
3400,3650.0
875,5430.0
3834,18500.0
2988,6370.0
1529,7030.0
1696,6500.0
722,6250.0
2807,5250.0
207,3800.0
1657,8250.0
3420,9440.0
3095,3900.0
1276,4500.0
109,3120.0
2114,3200.0
774,6900.0
3454,2500.0
3142,2600.0
3640,2900.0
1674,5840.0
3517,10300.0
3728,2400.0
417,7770.0
2152,2300.0
847,4060.0
1955,11500.0
3814,2360.0
2833,6240.0
3886,2650.0
1091,2500.0
3369,4250.0
2650,1200.0
3443,4500.0
3976,11500.0
2847,3000.0
1087,11490.0
3808,2500.0
3099,5450.0
2436,2990.0
1682,5550.0
3619,15500.0
1993,3110.0
3698,5550.0
1892,7500.0
913,6500.0
2588,8250.0
3094,6900.0
1249,2050.0
2841,6600.0
1444,2850.0
3930,5380.0
743,10000.0
3752,1800.0
577,4450.0
206,9460.0
2440,3100.0
1491,4250.0
710,5400.0
2593,6840.0
3074,5560.0
3851,10500.0
2222,7500.0
1102,2900.0
567,3750.0
2367,4410.0
1958,4650.0
124,2950.0
1884,5350.0
2424,2750.0
3791,3600.0
185,12500.0
2303,2350.0
835,10500.0
467,12450.0
3392,17950.0
1752,2660.0
3891,2900.0
1142,16500.0
1902,3000.0
628,2550.0
1175,7680.0
601,4800.0
3355,3980.0
949,3300.0
3896,4500.0
3759,4290.0
337,5850.0
3409,19500.0
976,6100.0
2164,3110.0
2336,17000.0
226,5490.0
1864,8950.0
3875,2570.0
2963,14000.0
2129,6910.0
2438,7750.0
2026,7830.0
187,14500.0
545,7250.0
783,4750.0
533,2250.0
1294,5150.0
2728,5400.0
1917,11730.0
1965,2000.0
1499,3500.0
1764,4050.0
2305,13500.0
2709,2200.0
1349,3800.0
541,4010.0
1966,7230.0
1810,1090.0
1415,5250.0
197,4500.0
1089,3200.0
3863,4750.0
612,2350.0
1950,5480.0
3888,16140.0
706,16950.0
1543,5450.0
265,5350.0
3265,9000.0
2928,2800.0
3927,7100.0
3695,2510.0
1684,4250.0
30,3280.0
2057,8700.0
1062,12000.0
2122,4200.0
2373,1600.0
1350,2500.0
824,19750.0
1114,4300.0
1626,5750.0
2540,3900.0
2520,11450.0
898,6410.0
450,2500.0
1824,7540.0
3547,15650.0
345,5250.0
2507,4350.0
1323,2350.0
2142,7250.0
2213,12850.0
3880,6500.0
2118,12490.0
2854,4700.0
213,11500.0
110,5500.0
1315,11250.0
412,3650.0
3024,5200.0
897,5900.0
641,5500.0
2828,6350.0
1672,3410.0
2899,5640.0
3370,7250.0
1040,4410.0
514,2190.0
100,8000.0
26,6000.0
1675,3200.0
2314,5600.0
1735,11000.0
2084,3100.0
363,9270.0
3684,6300.0
2489,2950.0
3889,2950.0
3906,4300.0
1073,4500.0
1255,6400.0
1989,13800.0
3790,1000.0
3737,18900.0
2051,3480.0
1809,7990.0
817,4540.0
2308,4750.0
3480,3590.0
2157,5500.0
176,3800.0
815,18750.0
1693,3200.0
1214,2950.0
2207,5180.0
1152,9600.0
1556,8900.0
333,3710.0
2197,2470.0
2203,1600.0
2576,2600.0
1306,5800.0
2865,7750.0
1519,8400.0
1000,6950.0
1665,7250.0
3652,17000.0
2188,8090.0
127,5990.0
2861,2950.0
2483,13690.0
1389,6220.0
3577,9200.0
1650,3950.0
1537,8350.0
1513,4950.0
3534,3250.0
2239,7880.0
249,14400.0
2143,7250.0
3765,3200.0
1569,1200.0
1660,4500.0
1194,6250.0
1697,4250.0
2809,4950.0
2891,4490.0
433,2400.0
201,2210.0
326,2100.0
1474,2450.0
2147,8500.0
1683,10280.0
2764,4750.0
580,10000.0
1023,14210.0
2417,8900.0
2382,3650.0
830,5640.0
85,7110.0
281,7460.0
3736,6730.0
2536,5630.0
624,6950.0
3466,15500.0
3946,4760.0
1183,6000.0
1545,6850.0
1951,4500.0
920,7000.0
236,3400.0
3844,4250.0
2082,910.0
377,3950.0
3023,3150.0
1443,9250.0
397,3220.0
1171,18000.0
1070,7970.0
1724,4000.0
1247,3650.0
356,9450.0
3051,7500.0
2291,8500.0
2343,15000.0
1514,2000.0
98,1150.0
2537,6340.0
1908,4000.0
1404,2500.0
3686,1500.0
879,3400.0
2518,2750.0
2981,2320.0
2066,5600.0
1199,2850.0
2580,3850.0
1384,7750.0
1979,2800.0
1198,2100.0
96,9900.0
1759,10500.0
2866,6000.0
2183,3250.0
700,2900.0
1141,2750.0
1072,7570.0
2495,8450.0
745,1600.0
3379,4800.0
3410,6750.0
850,8250.0
1066,2790.0
3902,8250.0
1208,7320.0
509,750.0
3108,1750.0
2256,2750.0
1970,11750.0
1470,19000.0
3631,3900.0
2515,5110.0
637,5450.0
3540,3900.0
3594,12260.0
2246,4250.0
2633,4110.0
1201,5750.0
1714,2250.0
642,6000.0
2884,5950.0
2997,14410.0
1366,3750.0
2050,7000.0
2022,6920.0
88,6000.0
2882,2300.0
2096,2900.0
2910,9000.0
1241,6000.0
1820,4250.0
3573,10990.0
3331,13540.0
3232,2900.0
1182,19640.0
2564,14250.0
3773,2850.0
3838,5020.0
2877,16500.0
1200,18000.0
791,4570.0
638,17750.0
3973,6250.0
2604,7250.0
2699,2200.0
2048,4080.0
3204,17500.0
895,11000.0
347,18000.0
1946,2950.0
1279,16500.0
295,2150.0
418,17500.0
306,10500.0
2790,2900.0
3975,6020.0
211,1400.0
3043,3750.0
1488,7500.0
3253,4250.0
2554,2500.0
2893,5750.0
584,10500.0
2217,7400.0
1536,17500.0
2019,1990.0
2175,3650.0
1386,2650.0
2401,1900.0
2667,2600.0
2505,18500.0
582,7390.0
3428,4980.0
3201,6500.0
3152,6500.0
3036,14500.0
34,3500.0
3599,4400.0
3970,3600.0
767,3950.0
1635,2500.0
680,9890.0
3644,2210.0
930,2000.0
2715,3360.0
2685,2400.0
2185,2390.0
3145,2900.0
3004,3900.0
1836,5550.0
1472,5000.0
3156,4190.0
179,2800.0
594,2350.0
3501,5110.0
3581,3020.0
2264,8700.0
2514,3000.0
1518,3350.0
1319,3600.0
3106,6500.0
2597,2390.0
3384,4900.0
3929,4600.0
2427,4250.0
3734,11880.0
1450,3500.0
3321,9310.0
1533,2950.0
696,5960.0
2441,3250.0
3642,2550.0
447,5990.0
2538,2250.0
2727,5600.0
1784,4250.0
3864,9000.0
41,17990.0
3107,3300.0
2365,10000.0
2531,5950.0
2996,3400.0
1410,5600.0
1869,8200.0
1804,6000.0
3885,3900.0
955,1550.0
2862,7000.0
3576,4100.0
3113,5600.0
2408,14450.0
1302,3150.0
142,18600.0
2234,2750.0
852,1300.0
2161,4900.0
2598,3950.0
16,5250.0
3831,2700.0
1769,8800.0
67,5500.0
1797,4750.0
3678,5750.0
408,16610.0
2272,4150.0
2901,4950.0
933,4500.0
2405,4450.0
3931,2800.0
3190,5370.0
395,2490.0
2659,12000.0
2260,2700.0
1431,12500.0
807,5500.0
456,6500.0
3068,5450.0
2350,6250.0
4003,5000.0
2880,9750.0
315,3750.0
3824,1600.0
2290,8500.0
1673,440.0
2492,7310.0
3038,16670.0
2834,7500.0
1939,4940.0
1827,2200.0
1027,6170.0
1710,4020.0
1211,5500.0
1243,2750.0
1587,6850.0
3634,8750.0
2111,6450.0
1903,1600.0
1022,10000.0
3845,6060.0
485,7450.0
3997,3220.0
3614,4900.0
2677,4250.0
191,13000.0
2897,5450.0
405,6950.0
1747,12690.0
2500,4120.0
2737,3200.0
1629,3750.0
3405,14500.0
1163,3850.0
992,2500.0
3859,4800.0
87,3300.0
804,5500.0
1435,2750.0
367,4250.0
3317,4530.0
525,11500.0
857,6220.0
3900,4550.0
3662,8200.0
1056,10110.0
242,6900.0
1801,8000.0
2313,8610.0
789,18500.0
3847,9650.0
2581,3800.0
134,2000.0
1575,5490.0
1609,3750.0
1616,3700.0
500,6500.0
3785,4500.0
2969,2000.0
3528,12500.0
2885,4150.0
2826,1400.0
1131,2350.0
2752,5750.0
731,6750.0
3280,3770.0
2873,11870.0
2868,6750.0
1977,8250.0
720,2600.0
867,6450.0
765,2190.0
2023,4300.0
3744,3100.0
1829,9870.0
1618,2250.0
117,3500.0
3813,2750.0
1229,4750.0
1269,4500.0
3457,2750.0
1727,6500.0
241,2900.0
2775,2900.0
1647,10250.0
2577,5950.0
2953,3750.0
894,3600.0
404,3900.0
952,3450.0
1496,5650.0
1546,2200.0
3114,9750.0
1936,4700.0
2525,4400.0
2950,4550.0
3188,5920.0
2150,3500.0
1412,3750.0
876,3850.0
916,2750.0
1617,5000.0
2167,2270.0
766,3550.0
2194,3250.0
1873,3410.0
2632,3490.0
1245,5450.0
974,7000.0
869,1550.0
708,4700.0
3846,3600.0
284,2100.0
454,6210.0
2719,3880.0
466,2130.0
1960,6500.0
135,6000.0
2110,3600.0
52,13500.0
3271,1990.0
756,3870.0
1497,8109.999999999999
2399,7850.0
3776,3990.0
752,3250.0
2851,6900.0
787,3750.0
3635,7250.0
3326,4630.0
3026,8200.0
3135,4050.0
4000,7500.0
3803,19500.0
99,17230.0
987,10150.0
3509,11920.0
1964,6000.0
1551,5000.0
2921,6000.0
115,5910.0
462,6140.0
1868,5990.0
327,6280.0
1030,8250.0
320,3270.0
3187,11770.0
3615,2600.0
2190,5640.0
3538,1800.0
229,2200.0
532,2800.0
769,4870.0
264,10900.0
1578,2450.0
1911,5000.0
3854,2850.0
373,2300.0
132,5990.0
70,5860.0
3360,4450.0
3835,3450.0
1839,8500.0
1971,1280.0
2243,11000.0
2624,2300.0
2,3100.0
1761,16500.0
775,2700.0
2792,16950.0
923,7770.0
757,750.0
1394,16500.0
91,5800.0
2689,6950.0
2545,2400.0
1093,5500.0
872,7750.0
2007,3600.0
3974,5200.0
386,7250.0
3745,3500.0
3398,19600.0
4001,3240.0
3708,5750.0
2384,4500.0
195,5110.0
3815,4730.0
2317,11500.0
4011,3600.0
1140,6930.0
2584,6250.0
1014,6990.0
76,13950.0
2832,11150.0
193,4650.0
2210,1460.0
518,8600.0
707,3290.0
2176,10000.0
2516,8010.0
3705,5950.0
3362,19460.0
1816,7290.0
269,4350.0
1159,4650.0
3569,2600.0
2155,2850.0
3843,4450.0
2788,3950.0
3327,8250.0
3782,13500.0
1012,3970.0
1906,2450.0
546,4450.0
861,11950.0
2116,4990.0
3878,5340.0
2447,3650.0
1048,13500.0
1261,9950.0
2340,4600.0
737,11500.0
106,7750.0
2163,5200.0
1817,2000.0
3316,4150.0
1760,14290.0
2219,1700.0
1744,4600.0
3795,6000.0
3876,3210.0
1615,2800.0
119,4250.0
1600,9000.0
2335,2150.0
3373,5750.0
1606,6250.0
3587,6250.0
4002,3500.0
5,7000.0
1173,5250.0
3301,14300.0
3903,3250.0
2649,4350.0
84,4250.0
3029,5450.0
3193,2300.0
2541,5290.0
259,1950.0
3653,3680.0
2660,7360.0
1568,8650.0
2622,7110.0
3300,3600.0
1003,7750.0
698,3900.0
2864,15000.0
3104,5950.0
1293,2650.0
1750,5500.0
2769,6750.0
3344,7170.0
2135,14280.0
2579,4500.0
1395,5500.0
4014,4500.0
1495,3450.0
449,3950.0
1741,2990.0
4005,1460.0
1777,2000.0
470,4400.0
1526,12000.0
2033,7500.0
571,7580.0
2397,7650.0
12,7510.0
3539,6220.0
2346,3850.0
1178,7260.0
3102,14450.0
2613,3320.0
3723,7110.0
3541,4250.0
2665,7950.0
3143,6990.0
597,4060.0
2721,2500.0
1364,9950.0
3066,4950.0
1811,2650.0
2814,5470.0
3111,12600.0
411,12500.0
3819,5550.0
2646,5600.0
3276,2650.0
1522,4750.0
1385,6410.0
3510,8870.0
237,5900.0
2064,8260.0
2196,5800.0
1197,4920.0
1756,4500.0
20,6500.0
939,2950.0
2670,4000.0
1058,3320.0
1360,4750.0
1427,3760.0
4008,10950.0
3497,5900.0
3622,2900.0
3013,5500.0
2031,7900.0
1943,2490.0
963,5500.0
1420,5700.0
610,7990.0
421,5800.0
3630,2500.0
29,900.0
3328,5500.0
802,6200.0
2679,4500.0
186,15200.0
1227,4890.0
3005,15460.0
1480,7500.0
2754,2100.0
2602,4000.0
608,1750.0
2078,3100.0
995,4850.0
3494,8850.0
2487,4550.0
3461,4250.0
3175,1650.0
2320,5000.0
460,3750.0
2296,17500.0
2653,8450.0
298,5850.0
539,10450.0
1307,4750.0
950,13120.0
3783,6160.0
2027,12650.0
2684,11000.0
3947,4000.0
3191,4650.0
570,2400.0
3472,5250.0
2979,5500.0
1968,6850.0
2339,4950.0
779,4750.0
307,10800.0
986,4350.0
3256,5700.0
1677,5850.0
3625,6000.0
2848,5680.0
114,14200.0
1633,13500.0
2293,3850.0
2131,3650.0
703,9950.0
2461,4040.0
2621,5990.0
1586,13770.0
3751,2890.0
1501,9190.0
2835,6300.0
1933,5570.0
2718,3260.0
2409,7800.0
151,12990.0
763,2250.0
1367,2950.0
892,1650.0
2223,3000.0
3003,9480.0
1096,4280.0
318,5000.0
1736,3700.0
3322,8070.0
693,6140.0
1445,6750.0
2005,3500.0
2730,7000.0
3892,2190.0
691,5550.0
1409,3850.0
829,3750.0
3054,16250.0
313,4600.0
2109,1800.0
33,5670.0
2707,17000.0
3085,2600.0
413,4750.0
1566,11250.0
375,3500.0
2722,4000.0
3134,5000.0
2651,11000.0
2073,7500.0
716,12750.0
1369,4600.0
1607,9500.0
1078,11500.0
2519,4350.0
2275,4790.0
548,7660.0
1802,8480.0
3657,7200.0
3589,3960.0
1036,19000.0
1130,7350.0
516,6300.0
2941,4910.0
2609,4450.0
351,3700.0
3925,16500.0
2926,7500.0
31,2850.0
1778,3010.0
3882,8900.0
370,5340.0
1623,3550.0
3767,2600.0
475,5600.0
2319,2650.0
2829,3770.0
3671,14500.0
1441,10230.0
3423,5250.0
832,3490.0
3226,2250.0
1823,5990.0
3624,18000.0
3840,13830.0
139,4500.0
3223,4800.0
2961,11780.0
1562,3950.0
2117,2200.0
2822,3410.0
8,9750.0
1557,1100.0
3953,11990.0
1151,15500.0
1457,7650.0
1005,4450.0
678,13500.0
1553,17090.0
2957,3830.0
1888,10250.0
1652,4500.0
3342,3600.0
432,10000.0
3172,6000.0
3284,2610.0
277,5250.0
1155,4900.0
2448,2100.0
2779,4500.0
1187,3570.0
1729,3850.0
2989,5450.0
2510,2250.0
816,4900.0
2034,4250.0
2785,5500.0
2071,6800.0
3479,8000.0
3939,5990.0
687,6500.0
3691,6460.0
937,6250.0
1378,2500.0
3050,4850.0
3009,2700.0
559,15210.0
3489,6980.0
1310,5750.0
866,2000.0
3216,4110.0
661,2600.0
2890,4250.0
2640,4600.0
1423,9500.0
128,8220.0
1206,4650.0
972,2000.0
1779,6000.0
1316,8300.0
3917,9500.0
2432,13990.0
266,5850.0
2011,3400.0
2917,3500.0
2379,3750.0
3613,8000.0
560,1380.0
1144,6220.0
2995,3010.0
2985,3000.0
551,5430.0
3020,9750.0
103,5350.0
3617,750.0
3641,13000.0
635,9500.0
2169,7190.0
932,16000.0
3056,6500.0
3816,3500.0
878,3850.0
1120,2250.0
1755,7750.0
1478,6250.0
2039,2550.0
3088,5600.0
1051,4250.0
3905,9000.0
723,10750.0
3121,6990.0
3330,5650.0
1504,5200.0
1887,3750.0
962,7000.0
823,4000.0
1129,4750.0
2473,6550.0
3766,7200.0
2076,18550.0
2700,2110.0
1136,1750.0
3016,3140.0
1679,2250.0
143,8400.0
1625,2800.0
968,7400.0
1742,10500.0
2678,3800.0
3823,4400.0
1524,5220.0
2559,3870.0
2548,7250.0
3522,9750.0
1454,2500.0
3683,1530.0
2072,3250.0
3655,2210.0
1974,7000.0
1287,5400.0
2372,9280.0
3290,7000.0
1663,2400.0
2376,5420.0
1579,9920.0
1856,13500.0
2253,6170.0
2673,6550.0
145,5890.0
3318,4500.0
3261,3250.0
3439,3300.0
2316,4300.0
2858,4150.0
3067,4500.0
3250,7250.0
2387,1100.0
3484,6200.0
118,6500.0
285,1250.0
1318,2100.0
2666,16250.0
3445,3250.0
3310,8860.0
2383,4500.0
2777,5350.0
786,3250.0
2762,3600.0
688,7900.0
1913,8850.0
448,2250.0
3718,10750.0
3551,3450.0
2361,16000.0
709,1990.0
2165,5500.0
845,5750.0
165,6150.0
3826,6900.0
2297,4650.0
434,9990.0
3586,3100.0
3299,3650.0
2315,17630.0
390,5950.0
2450,6350.0
399,2300.0
3832,4250.0
2566,3950.0
3600,8350.0
3267,6850.0
1803,2800.0
1882,5770.0
3689,3430.0
3214,8910.0
728,1460.0
2672,9500.0
1451,5250.0
1188,6450.0
446,3750.0
1324,2600.0
3502,2500.0
2453,6500.0
3933,3850.0
528,13300.0
2786,2150.0
3203,6210.0
2661,3650.0
2816,7720.0
991,5100.0
3670,6500.0
942,5300.0
889,2000.0
2731,11750.0
3426,12250.0
2133,3800.0
1592,5500.0
1805,4250.0
3027,7950.0
322,3500.0
978,13750.0
1706,8000.0
975,12490.0
3515,10250.0
1284,2490.0
2338,5650.0
1224,7750.0
2381,7500.0
108,14000.0
1749,3550.0
596,5090.0
3753,2200.0
1101,12750.0
483,2900.0
2682,11000.0
1552,3750.0
3699,19750.0
2634,5900.0
2285,6550.0
3340,12000.0
1879,2440.0
3961,11500.0
985,5450.0
3715,3420.0
192,5750.0
2201,7500.0
2615,4800.0
2734,3300.0
279,1750.0
3820,3400.0
2141,2300.0
271,2200.0
3072,4930.0
3971,10500.0
2419,3550.0
3381,4000.0
981,3750.0
2123,5850.0
1071,4950.0
848,1950.0
2191,3400.0
2029,7250.0
1282,3250.0
573,2200.0
1986,17500.0
1264,7000.0
2695,6000.0
1399,6930.0
3157,2250.0
270,4350.0
1855,5630.0
2830,8500.0
471,5990.0
1343,6500.0
3768,8250.0
2735,2100.0
2625,3800.0
3227,4960.0
1433,3940.0
2366,4950.0
3278,4150.0
274,13500.0
1305,7900.0
3627,1250.0
2711,5760.0
2356,7740.0
2018,2650.0
1092,12010.0
2389,13000.0
3764,19750.0
2808,3850.0
795,3000.0
1135,8250.0
1782,3900.0
682,7550.0
2960,8900.0
3101,9580.0
3268,7990.0
1471,6100.0
1053,6250.0
3064,5100.0
874,13480.0
2986,1200.0
2714,6200.0
3987,3500.0
21,5360.0
65,3470.0
2090,8100.0
3363,5850.0
15,7500.0
2458,17250.0
4019,5900.0
250,6250.0
2463,4150.0
911,19400.0
957,4950.0
1132,4450.0
1290,7500.0
1286,2500.0
3729,5850.0
3165,1750.0
1520,12500.0
174,12500.0
1405,5500.0
2856,7220.0
2479,12250.0
1748,2500.0
924,5750.0
3260,3500.0
1722,5250.0
605,4850.0
977,9900.0
2289,6090.0
1355,5650.0
3083,2950.0
2759,16000.0
3459,1200.0
107,10000.0
3555,6200.0
2456,2950.0
3164,4450.0
3726,5900.0
3002,8000.0
2698,6710.0
1322,5410.0
3592,5500.0
798,9250.0
2000,4250.0
2526,4250.0
1503,7000.0
2965,4500.0
3879,2950.0
625,8370.0
3496,3550.0
2658,15500.0
575,5550.0
2774,11500.0
2058,6500.0
2214,7900.0
2539,2600.0
3492,7550.0
2561,6350.0
2218,8000.0
3319,11500.0
521,1850.0
3348,3100.0
3096,2050.0
2966,7750.0
1117,4450.0
3924,2950.0
64,6000.0
1340,6300.0
2105,8360.0
1978,990.0
858,3750.0
2154,2250.0
1438,13500.0
1482,3050.0
1033,2400.0
1204,7250.0
3991,12630.0
2980,5250.0
1842,7000.0
1432,5950.0
2221,6750.0
3584,6500.0
296,6450.0
3345,5500.0
1631,12500.0
2252,14500.0
902,5750.0
468,13750.0
3206,4440.0
3323,11990.0
3270,3900.0
3574,2250.0
1953,3900.0
2750,6250.0
464,3200.0
1948,5000.0
997,8990.0
14,13490.0
2056,2450.0
1857,6500.0
1390,5370.0
1870,7200.0
2800,6600.0
3747,9320.0
729,8360.0
232,5750.0
170,18750.0
1559,7150.0
1984,8300.0
3234,4500.0
1411,3750.0
2683,6460.0
3836,3550.0
1678,7480.0
1961,8440.0
1605,1800.0
3308,4750.0
3934,16450.0
1975,3250.0
3453,4150.0
222,7000.0
3456,3950.0
2091,6070.0
1252,14360.0
2041,4250.0
3563,7500.0
2329,3200.0
3387,5950.0
2511,12500.0
673,3250.0
2949,6600.0
335,3100.0
1400,5500.0
3942,4500.0
2747,3150.0
3386,5750.0
648,4500.0
3155,3250.0
435,1600.0
1210,2410.0
3160,5990.0
3046,16000.0
205,8000.0
1134,14490.0
1923,3500.0
3679,5900.0
1019,6250.0
751,2800.0
2859,5810.0
1452,1500.0
616,4700.0
3146,8900.0
1313,2300.0
3394,18250.0
1231,5950.0
1976,6680.0
1789,12500.0
1940,3750.0
2972,12150.0
491,3750.0
686,6370.0
3452,6800.0
3306,4000.0
1421,3000.0
740,6240.0
838,7020.0
715,3900.0
636,2600.0
3263,4750.0
3365,5250.0
133,7640.0
1272,5350.0
3611,5540.0
2451,1650.0
598,2450.0
1154,1990.0
755,15500.0
3407,5500.0
1720,5360.0
2493,6250.0
3173,7250.0
1088,5370.0
2872,6250.0
1334,4750.0
3047,8250.0
2894,2750.0
474,1600.0
2839,2500.0
3796,7610.0
3940,8850.0
646,4610.0
3557,4110.0
517,16000.0
1910,1450.0
1148,1950.0
1613,5270.0
3602,4900.0
1994,6250.0
1332,9750.0
3116,7850.0
2837,1750.0
1406,3900.0
3591,2580.0
3989,5000.0
2202,9110.0
1841,8500.0
2342,2980.0
1461,6950.0
3696,14500.0
593,3250.0
3021,3800.0
961,14230.0
2570,14220.0
173,4250.0
1942,8590.0
1574,4050.0
2420,5500.0
3645,5440.0
689,2350.0
2693,3500.0
772,5850.0
1237,4500.0
2629,7250.0
1041,11500.0
202,10750.0
86,1590.0
113,2250.0
443,4900.0
220,5000.0
2846,4350.0
27,17900.0
3993,6900.0
3704,5650.0
2208,17710.0
2457,3700.0
2003,14500.0
523,1150.0
3252,3750.0
2542,1600.0
1035,4070.000000000001
613,2800.0
1590,4400.0
2850,1400.0
348,18250.0
2215,3250.0
1326,7800.0
4018,5950.0
3952,3000.0
1641,5000.0
1786,4550.0
2936,7250.0
893,3250.0
2743,3600.0
595,4500.0
948,5150.0
3982,5500.0
388,5250.0
227,2110.0
3006,3900.0
461,2700.0
2358,9290.0
2708,1890.0
3093,8750.0
1449,11250.0
2032,2300.0
1356,7650.0
2298,7200.0
275,13190.0
1996,19500.0
3292,4950.0
1312,5700.0
3998,14500.0
294,3250.0
3986,17550.0
3281,4250.0
3399,4750.0
1813,11250.0
885,8200.0
2416,7800.0
3904,5990.0
1108,12900.0
1560,3250.0
1985,4200.0
73,3700.0
2562,4750.0
2803,2900.0
1680,12000.0
3161,2500.0
880,11000.0
3741,2200.0
2411,5040.0
3983,5290.0
83,4800.0
2282,3150.0
473,8600.0
3076,17490.0
2020,5500.0
3806,9250.0
13,4500.0
2391,3990.0
1860,5500.0
1912,3850.0
3086,4850.0
3471,5870.0
1627,3000.0
1339,8270.0
562,2650.0
2524,9000.0
1793,10360.0
39,14050.0
746,16500.0
1540,7500.0
3125,8900.0
3582,4850.0
1458,4950.0
2043,6790.0
391,4900.0
3811,3500.0
2044,4250.0
2086,8250.0
2370,2300.0
3136,4500.0
2619,3750.0
530,9500.0
883,5500.0
2236,3210.0
2077,9750.0
1831,4900.0
262,3500.0
3535,4160.0
244,4750.0
3887,5250.0
1581,6300.0
3413,3900.0
3681,1100.0
1090,6950.0
2578,8900.0
2964,2950.0
2052,9850.0
2362,5950.0
3675,17750.0
3141,3650.0
702,4340.0
2620,17000.0
2984,17250.0
1862,4650.0
2254,3750.0
818,6560.0
3391,5950.0
2690,2400.0
1584,5750.0
3449,7550.0
3218,2600.0
1039,7950.0
2454,16500.0
2192,5600.0
3245,17500.0
102,9700.0
2982,5750.0
3966,5950.0
3921,5450.0
662,3000.0
1608,1300.0
3272,11600.0
3493,18580.0
3786,6000.0
58,9860.0
1573,8250.0
272,2800.0
1104,3500.0
3071,6600.0
1257,5500.0
1531,9300.0
806,18950.0
2983,8750.0
2476,2750.0
725,4350.0
3763,4900.0
3338,2750.0
2490,4100.0
1259,16250.0
2386,5500.0
3548,4820.0
2630,9250.0
3999,10500.0
2874,7500.0
2776,6970.0
1285,7930.0
2101,19250.0
2855,3100.0
3014,3460.0
1711,8500.0
3871,3900.0
392,5400.0
1110,12500.0
441,3250.0
3037,15450.0
1734,2750.0
620,6000.0
3792,5270.0
2359,4100.0
1486,5250.0
724,4500.0
2857,11500.0
2522,3390.0
2224,4490.0
565,4500.0
3189,16000.0
3669,9750.0
4004,7900.0
1352,4990.0
3196,17000.0
3977,10900.0
3110,3850.0
1808,9180.0
3468,3000.0
998,10070.0
1549,6110.0
424,4800.0
727,2900.0
1919,3000.0
777,2250.0
3680,6900.0
3564,6000.0
3828,3690.0
2168,3700.0
3919,3200.0
1490,3900.0
2733,3650.0
2341,5950.0
3556,8750.0
1065,6500.0
3969,9250.0
2212,6990.0
2550,1970.0
350,1950.0
131,8750.0
3126,8109.999999999999
820,10750.0
3804,3190.0
667,4450.0
2198,1500.0
66,5800.0
3435,5910.0
261,8650.0
3507,5600.0
3450,2250.0
3335,1550.0
2987,3700.0
160,7750.0
2307,13000.0
738,2990.0
2380,8600.0
2993,2150.0
438,5700.0
428,7200.0
101,5500.0
1799,2400.0
2434,17080.0
2812,5700.0
3949,17750.0
1509,3900.0
364,5720.0
796,5650.0
550,5040.0
2664,7340.0
1843,9570.0
3757,3800.0
3932,4250.0
278,3700.0
1202,3150.0
401,2000.0
2551,5000.0
943,2190.0
1785,13250.0
2595,7500.0
2445,3290.0
2878,5850.0
1929,4250.0
57,1700.0
2648,3250.0
159,9490.0
2845,7000.0
886,4650.0
3537,2150.0
344,7560.0
95,3280.0
1916,5250.0
3008,9620.0
993,19000.0
2920,6950.0
1528,12500.0
3287,11000.0
317,5750.0
736,8700.0
2586,6500.0
1982,6500.0
255,8430.0
2956,3640.0
2819,3300.0
3523,4050.0
3429,8290.0
2844,3490.0
1239,2900.0
717,2600.0
385,6850.0
965,4450.0
3091,2350.0
1375,5500.0
655,17550.0
3414,6300.0
11,7140.0
2938,3300.0
3618,3750.0
2911,1990.0
3841,6500.0
2704,6300.0
156,12600.0
2875,3550.0
3504,5690.0
2811,5900.0
2393,3500.0
1852,7750.0
1601,4740.0
3596,5150.0
2330,12500.0
301,10460.0
712,7500.0
3608,3200.0
3358,5750.0
1177,3520.0
912,8000.0
2498,11660.0
2647,13280.0
1189,8750.0
833,9500.0
2360,4850.0
3881,11600.0
472,1990.0
3444,1490.0
2474,7250.0
166,6180.0
3628,2230.0
324,2750.0
283,1750.0
526,3750.0
302,16570.0
181,6330.0
2702,4500.0
2126,5200.0
1112,12810.0
382,3750.0
2130,4900.0
3485,3610.0
578,1800.0
837,5850.0
3554,5750.0
427,5840.0
1119,3500.0
3901,3500.0
349,4500.0
1651,2500.0
2681,2500.0
152,4500.0
2729,5900.0
2927,2950.0
3735,2690.0
600,4300.0
2435,5980.0
701,2250.0
1780,2650.0
3242,2970.0
527,3110.0
1407,6990.0
1830,3950.0
1661,4290.0
1715,4250.0
2139,12500.0
3169,7900.0
3498,2650.0
905,6000.0
825,11000.0
3951,4500.0
1897,12500.0
2324,3150.0
604,3500.0
3061,2950.0
1516,4900.0
581,6700.0
1099,2700.0
1880,3500.0
2248,4070.000000000001
1475,2500.0
553,8250.0
1094,2900.0
951,11850.0
953,6500.0
2626,7480.0
3561,4500.0
3115,4500.0
3364,3600.0
3593,6320.0
3041,5250.0
2247,4400.0
3612,1950.0
549,3600.0
426,8750.0
2344,4600.0
1167,16000.0
675,3200.0
3512,4750.0
2799,1700.0
1701,7650.0
3205,3750.0
2377,3100.0
2781,3600.0
1845,1450.0
2040,2750.0
2002,18250.0
842,4000.0
305,5500.0
2099,1350.0
644,4230.0
1068,4520.0
2425,1650.0
3749,12130.0
2680,3100.0
2363,4380.0
785,2650.0
2900,3850.0
627,5500.0
243,4750.0
2903,5100.0
3833,9430.0
1690,2500.0
2459,2620.0
2259,13550.0
3118,3670.0
645,3550.0
504,3300.0
1698,5950.0
2028,2800.0
3048,4950.0
1217,6100.0
944,7900.0
1246,5490.0
3692,4850.0
1244,2100.0
3343,5990.0
1037,4000.0
3503,10970.0
1947,3910.0
1768,1550.0
3923,850.0
865,2250.0
3866,5090.0
3283,3500.0
672,2900.0
3052,4750.0
17,2300.0
153,2500.0
1766,12250.0
2657,3990.0
1585,2750.0
2062,6750.0
854,3000.0
2121,2400.0
2929,5500.0
4006,19650.0
519,5490.0
3124,4350.0
1467,6200.0
1901,4000.0
2501,6350.0
1732,5960.0
2047,3200.0
1007,5000.0
2271,5950.0
3968,16560.0
93,14600.0
2124,7400.0
1368,7500.0
2238,8500.0
2937,11250.0
223,6590.0
3570,10340.0
2263,9500.0
2569,3000.0
1863,2740.0
1918,12030.0
2444,5250.0
387,12080.0
2528,11540.0
1174,2600.0
3415,3320.0
511,2250.0
3712,6000.0
676,3500.0
297,5500.0
3224,5500.0
2887,5490.0
1511,3250.0
3374,2300.0
1374,2600.0
494,2780.0
2070,9250.0
2639,2960.0
2794,4290.0
169,3500.0
3487,15000.0
3895,3710.0
3633,16000.0
1069,9250.0
409,2600.0
2886,6950.0
1,7560.0
2160,8790.0
2446,6820.0
1301,11130.0
2686,3150.0
2544,7500.0
2638,1250.0
3031,8000.0
1952,3000.0
2428,10000.0
2732,8950.0
437,1370.0
1121,7750.0
1995,6150.0
1670,3250.0
2876,6250.0
2095,2450.0
3119,5390.0
3382,5950.0
3462,3150.0
2589,5500.0
3477,3750.0
697,5550.0
1126,4800.0
606,7750.0
238,3000.0
3097,3000.0
967,2000.0
3025,4350.0
3855,4300.0
4013,7500.0
1008,4330.0
1583,4590.0
1821,5550.0
430,2900.0
1795,13960.0
158,4650.0
1746,3900.0
1044,8800.0
1963,10950.0
2337,3750.0
3659,8940.0
3402,4120.0
2012,1750.0
2766,6500.0
3609,2400.0
3448,4000.0
1659,3250.0
453,4250.0
502,9500.0
3722,11270.0
3988,3800.0
1865,1500.0
1013,7530.0
3525,3000.0
3856,3950.0
1143,4450.0
1017,2650.0
2654,5300.0
2636,3000.0
2299,5100.0
1954,6400.0
1788,12750.0
1603,2300.0
2642,1350.0
3899,1000.0
444,5000.0
402,5850.0
1425,2750.0
2628,6530.0
1783,3750.0
245,10490.0
2193,6950.0
1781,3450.0
982,4850.0
2919,2700.0
3422,7700.0
984,5450.0
1718,2750.0
1064,3580.0
611,3630.0
478,11500.0
2269,5650.0
311,7670.0
1539,3650.0
1109,8250.0
2127,2600.0
671,4620.0
2225,4250.0
3180,7500.0
3314,4570.0
684,3250.0
1139,3550.0
810,4110.0
2083,4000.0
1465,11310.0
3621,6540.0
2594,10900.0
1025,6200.0
634,4900.0
3562,2750.0
2406,7500.0
1595,2850.0
2149,5250.0
2710,18750.0
1775,4110.0
2939,8400.0
1393,10000.0
2255,950.0
2059,6490.0
2504,5670.0
4012,5800.0
3295,9310.0
1561,5750.0
163,15500.0
2932,6700.0
3960,2900.0
3431,7210.0
3822,1850.0
1446,3610.0
1232,2500.0
359,5350.0
1512,2870.0
4007,3000.0
2240,3500.0
733,7250.0
208,17000.0
1992,8990.0
3579,2500.0
71,9200.0
3918,4950.0
2158,3050.0
97,5870.0
921,3820.0
2292,3600.0
1401,18000.0
22,17110.0
554,8200.0
2396,5400.0
3590,6670.0
1885,3610.0
3893,3300.0
591,5250.0
2136,6690.0
1858,2900.0
1074,3550.0
592,6460.0
2009,13200.0
3784,10900.0
705,19480.0
2705,15500.0
2614,2950.0
2280,10750.0
3650,10050.0
1100,5450.0
3098,3500.0
2517,4580.0
3868,17000.0
663,2750.0
3769,4250.0
3053,8250.0
2535,2200.0
1010,4750.0
2283,7800.0
3194,16680.0
1015,5150.0
2144,3500.0
1898,3500.0
190,3100.0
10,11500.0
1620,12600.0
1479,4320.0
966,6500.0
144,3650.0
1076,3500.0
558,5490.0
3159,5650.0
1937,6250.0
1436,4000.0
2318,5600.0
2867,10360.0
2706,2950.0
1085,5800.0
2532,4200.0
3780,8500.0
1604,5860.0
79,3370.0
2177,7250.0
811,7100.0
2115,3650.0
3636,3350.0
1149,3250.0
2697,2690.0
1702,6420.0
3070,12500.0
1944,6000.0
609,9950.0
813,6250.0
219,15900.0
40,1500.0
3467,1500.0
2357,11000.0
1309,2050.0
3442,6210.0
2863,6250.0
828,11500.0
1716,3000.0
960,16270.0
2452,5530.0
2328,3000.0
1969,2750.0
1967,4450.0
3469,3000.0
253,2650.0
2100,5400.0
855,6250.0
561,1850.0
3860,12000.0
654,750.0
2943,7800.0
2744,5990.0
3874,2960.0
1382,17850.0
2637,2900.0
82,17500.0
2751,6170.0
2265,4490.0
3030,5200.0
2353,3350.0
2053,1000.0
2587,17650.0
788,11500.0
711,4250.0
2404,3900.0
1118,3190.0
3455,4900.0
1278,3250.0
3307,6640.0
2583,5500.0
465,4500.0
2069,3490.0
378,2850.0
3221,2800.0
3542,1850.0
797,5750.0
2038,5250.0
2021,8470.0
2556,5250.0
1582,7000.0
1667,1020.0
46,5000.0
1485,10950.0
3001,11750.0
1874,5500.0
451,3710.0
2274,6200.0
3279,6980.0
1699,7060.0
1268,1110.0
357,3550.0
2119,2150.0
3438,17000.0
2277,8500.0
1127,10250.0
2310,7750.0
947,4350.0
632,4650.0
2245,1970.0
2553,3650.0
2757,5750.0
1274,1550.0
3598,3410.0
1327,2450.0
2388,1900.0
851,3800.0
3,5100.0
540,5450.0
2467,7250.0
1502,13280.0
3697,5950.0
394,9130.0
2555,4300.0
907,2700.0
2140,5800.0
239,8750.0
1594,6750.0
3955,8650.0
3458,4750.0
1709,7560.0
1021,15250.0
1161,1200.0
2262,5660.0
2789,4500.0
2998,5500.0
47,6400.0
3758,6940.0
1523,3300.0
1818,2900.0
2426,4850.0
1878,4650.0
3848,8320.0
2971,3100.0
1300,4450.0
1639,3250.0
1980,1650.0
499,2350.0
3082,6300.0
2590,2070.0
419,8500.0
2546,4830.0
3347,5050.0
3775,6930.0
2940,16000.0
2724,6960.0
1688,10170.0
1889,1360.0
1487,4900.0
1011,6750.0
2251,3100.0
760,9440.0
2321,5650.0
1164,6750.0
362,5650.0
3700,8610.0
512,5500.0
3372,3250.0
2959,4680.0
2663,6460.0
1351,17850.0
3575,4150.0
1426,4950.0
3508,4950.0
3401,3340.0
2798,6750.0
3366,5230.0
3687,2300.0
1464,5340.0
436,4720.0
906,6830.0
2567,4290.0
831,5120.0
3356,6500.0
3171,5430.0
979,4500.0
3748,3510.0
3646,1600.0
1288,13500.0
2287,8500.0
3529,7290.0
1527,5800.0
2153,8000.0
2944,4500.0
343,3110.0
1643,6500.0
3807,2300.0
3148,2650.0
3978,2700.0
1662,2850.0
2323,13280.0
1273,1800.0
3912,2150.0
1580,5850.0
1442,18000.0
2107,3250.0
2931,8100.0
1949,2150.0
371,5500.0
2184,11600.0
1530,6100.0
623,12950.0
1875,4990.0
49,1750.0
2088,3750.0
477,4750.0
908,9480.0
3077,8390.0
3182,2850.0
1728,3350.0
732,4250.0
2364,11000.0
3829,3750.0
936,4250.0
2623,7500.0
1668,4700.0
1576,4750.0
973,3500.0
3465,2450.0
75,2600.0
2045,12000.0
599,9300.0
1599,15000.0
3910,5250.0
1361,5000.0
1547,4900.0
863,3650.0
